{
    "parent": "block/thin_block",
    "ambientocclusion": false,
    "textures": {
        "particle": "#pane"
    },
    "elements": [
        {   "from": [ 0, 7, 0 ],
            "to": [ 16, 9, 16 ],
            "shade": false,
            "faces": {
                "down":  { "texture": "#pane" },
                "up":    {"texture": "#pane" },
                "north": { "texture": "#edge", "cullface": "north" },
                "south": {"texture": "#edge" },
                "west":  { "texture": "#edge" },
                "east":  { "texture": "#edge" }
            }
        }
    ]
}
