{
    "__comment": "Created in part with opl's Model Creator",
    "ambientocclusion": false,
    "textures": {
        "particle": "blocks/door_iron_upper3d",
        "back": "blocks/door_iron_upper3d",
        "front": "blocks/door_iron_upper3d-rh"
    },
    "elements": [
        {
            "from": [1,1,5],
            "to": [2,13,7],
            "faces": {
                "up": {
                    "uv": [13,5,16,7],
                    "texture": "#front",
                    "cullface": "up"
                },
                "west": {
                    "uv": [11,3,9,15],
                    "texture": "#front",
                    "cullface": "west"
                },
                "east": {
                    "uv": [9,3,11,15],
                    "texture": "#back"
                },
                "north": {
                    "uv": [10.5,3,9.5,15],
                    "texture": "#front"
                },
                "south": {
                    "uv": [9.5,3,10.5,15],
                    "texture": "#front"
                }
            }
        },
        {
            "from": [1,1,9],
            "to": [2,13,11],
            "faces": {
                "up": {
                    "uv": [13,9,16,11],
                    "texture": "#front",
                    "cullface": "up"
                },
                "west": {
                    "uv": [7,3,5,15],
                    "texture": "#front",
                    "cullface": "west"
                },
                "east": {
                    "uv": [5,3,7,15],
                    "texture": "#front"
                },
                "north": {
                    "uv": [6.5,3,5.5,15],
                    "texture": "#front"
                },
                "south": {
                    "uv": [5.5,3,6.5,15],
                    "texture": "#front"
                }
            }
        },
        {
            "from": [0.5,0,3],
            "to": [2.5,1,13],
            "faces": {
                "up": {
                    "texture": "#front"
                },
                "west": {
                    "texture": "#front"
                },
                "east": {
                    "texture": "#back"
                }
            }
        },
        {
            "from": [0,0,0],
            "to": [3,16,3],
            "faces": {
                "up": {
                    "texture": "#front",
                    "rotation": 90
                },
                "west": {
                    "texture": "#front"
                },
                "east": {
                    "uv": [13,0,16,16],
                    "texture": "#back"
                },
                "north": {
                    "uv": [12.5,0,15.5,16],
                    "texture": "#front"
                },
                "south": {
                    "uv": [4.5,0,7.5,16],
                    "texture": "#front"
                }
            }
        },
        {
            "from": [0,13,3],
            "to": [3,16,13],
            "faces": {
                "up": {
                    "uv": [3,0,13,3],
                    "texture": "#front",
                    "rotation": 90
                },
                "down": {
                    "uv": [13,3,16,13],
                    "texture": "#front"
                },
                "west": {
                    "uv": [3,0,13,3],
                    "texture": "#front"
                },
                "east": {
                    "uv": [3,0,13,3],
                    "texture": "#back"
                }
            }
        },
        {
            "from": [0,0,13],
            "to": [3,16,16],
            "faces": {
                "up": {
                    "uv": [13,0,16,3],
                    "texture": "#front",
                    "rotation": 90
                },
                "west": {
                    "texture": "#front"
                },
                "east": {
                    "uv": [0,0,3,16],
                    "texture": "#back"
                },
                "north": {
                    "uv": [9,0,12,16],
                    "texture": "#front"
                },
                "south": {
                    "uv": [12.5,0,15.5,16],
                    "texture": "#front"
                }
            }
        },
        {
            "from": [-1,0,1],
            "to": [4,2.5,2],
            "faces": {
                "up": {
                    "uv": [1,13.5,2,16],
                    "texture": "#front",
                    "rotation": 90
                },
                "west": {
                    "uv": [1,13.5,2,16],
                    "texture": "#front"
                },
                "east": {
                    "uv": [14,13.5,15,16],
                    "texture": "#back"
                },
                "north": {
                    "uv": [1,13.5,2,16],
                    "texture": "#front"
                },
                "south": {
                    "uv": [1,13.5,2,16],
                    "texture": "#front"
                }
            }
        }
    ]
}