{
    "__comment": "Created in part with opl's Model Creator",
    "ambientocclusion": false,
    "textures": {
        "particle": "blocks/door_iron_lower3d",
        "back": "blocks/door_iron_lower3d-rh",
        "front": "blocks/door_iron_lower3d"
    },
    "elements": [
        {
            "from": [1,3,5],
            "to": [2,15,7],
            "faces": {
                "up": {
                    "uv": [13,5,16,7],
                    "texture": "#front"
                },
                "west": {
                    "uv": [5,1.15,7,13],
                    "texture": "#front",
                    "cullface": "west"
                },
                "east": {
                    "uv": [7,1,5,13],
                    "texture": "#back"
                },
                "north": {
                    "uv": [6.5,1,5.5,13],
                    "texture": "#front"
                },
                "south": {
                    "uv": [5.5,1,6.5,13],
                    "texture": "#front"
                }
            }
        },
        {
            "from": [1,3,9],
            "to": [2,15,11],
            "faces": {
                "up": {
                    "uv": [13,9,16,11],
                    "texture": "#front"
                },
                "west": {
                    "uv": [9,1,11,13],
                    "texture": "#front",
                    "cullface": "west"
                },
                "east": {
                    "uv": [11,1,9,13],
                    "texture": "#back"
                },
                "north": {
                    "uv": [10.5,1,9.5,13],
                    "texture": "#front"
                },
                "south": {
                    "uv": [9.5,1,10.5,13],
                    "texture": "#front"
                }
            }
        },
        {
            "from": [0,0,13],
            "to": [3,16,16],
            "faces": {
                "down": {
                    "uv": [0,0,3,3],
                    "texture": "#front"
                },
                "west": {
                    "texture": "#front",
                    "cullface": "west"
                },
                "east": {
                    "uv": [0,0,3,16],
                    "texture": "#back"
                },
                "north": {
                    "uv": [11.5,0,8.5,16],
                    "texture": "#front"
                },
                "south": {
                    "uv": [0,0,3,16],
                    "texture": "#front"
                }
            }
        },
        {
            "from": [0,0,3],
            "to": [3,3,13],
            "faces": {
                "up": {
                    "uv": [0,2.5,3,12.5],
                    "texture": "#front"
                },
                "down": {
                    "uv": [0,12.5,3,2.5],
                    "texture": "#front",
                    "cullface": "down"
                },
                "west": {
                    "uv": [3,13,13,16],
                    "texture": "#front",
                    "cullface": "west"
                },
                "east": {
                    "uv": [13,13,3,16],
                    "texture": "#back"
                }
            }
        },
        {
            "from": [0.5,15,3],
            "to": [2.5,16,13],
            "faces": {
                "down": {
                    "texture": "#front"
                },
                "west": {
                    "uv": [3,0,13,1],
                    "texture": "#front",
                    "cullface": "west"
                },
                "east": {
                    "uv": [13,0,3,1],
                    "texture": "#back"
                }
            }
        },
        {
            "from": [0,0,0],
            "to": [3,16,3],
            "faces": {
                "down": {
                    "texture": "#front"
                },
                "west": {
                    "texture": "#front"
                },
                "east": {
                    "uv": [13,0,16,16],
                    "texture": "#back"
                },
                "north": {
                    "uv": [0,0,3,16],
                    "texture": "#front"
                },
                "south": {
                    "uv": [4,0,7,16],
                    "texture": "#front"
                }
            }
        },
        {
            "from": [-1,13.5,14],
            "to": [4,16,15],
            "faces": {
                "down": {
                    "uv": [14,0,15,2.45],
                    "texture": "#front",
                    "rotation": 90
                },
                "west": {
                    "uv": [14,0,15,2.45],
                    "texture": "#front"
                },
                "east": {
                    "uv": [14,0,15,2.45],
                    "texture": "#front"
                },
                "north": {
                    "uv": [14,0,15,2.45],
                    "texture": "#front"
                },
                "south": {
                    "uv": [14,0,15,2.45],
                    "texture": "#front"
                }
            }
        }
    ]
}