{
    "__comment": "Created in part with opl's Model Creator",
    "ambientocclusion": false,
    "textures": {
        "particle": "blocks/iron_trapdoor-3d",
        "side": "blocks/iron_trapdoor-side",
        "texture": "blocks/iron_trapdoor-3d"
    },
    "elements": [
        {
            "from": [0,13,0],
            "to": [16,16,3],
            "faces": {
                "up": {
                    "texture": "#texture",
                    "cullface": "up"
                },
                "down": {
                    "uv": [0.0,13.0,16.0,16.0],
                    "texture": "#texture"
                },
                "west": {
                    "texture": "#side",
                    "cullface": "west"
                },
                "east": {
                    "uv": [13.0,13.0,16.0,16.0],
                    "texture": "#side",
                    "cullface": "east"
                },
                "north": {
                    "uv": [0.0,0.0,16.0,3.0],
                    "texture": "#side",
                    "cullface": "north"
                },
                "south": {
                    "uv": [0.0,10.0,16.0,13.0],
                    "texture": "#side"
                }
            }
        },
        {
            "from": [0,13,13],
            "to": [16,16,16],
            "faces": {
                "up": {
                    "texture": "#texture",
                    "cullface": "up"
                },
                "down": {
                    "uv": [0.0,0.0,16.0,3.0],
                    "texture": "#texture"
                },
                "west": {
                    "texture": "#side",
                    "cullface": "west"
                },
                "east": {
                    "uv": [0.0,13.0,3.0,16.0],
                    "texture": "#side",
                    "cullface": "east"
                },
                "north": {
                    "uv": [0.0,10.0,16.0,13.0],
                    "texture": "#side"
                },
                "south": {
                    "texture": "#side",
                    "cullface": "south"
                }
            }
        },
        {
            "from": [0,13,3],
            "to": [3,16,13],
            "faces": {
                "up": {
                    "texture": "#texture",
                    "cullface": "up"
                },
                "down": {
                    "texture": "#texture"
                },
                "west": {
                    "texture": "#side",
                    "cullface": "west"
                },
                "east": {
                    "uv": [3.0,3.0,13.0,6.0],
                    "texture": "#side"
                }
            }
        },
        {
            "from": [13,13,3],
            "to": [16,16,13],
            "faces": {
                "up": {
                    "texture": "#texture",
                    "cullface": "up"
                },
                "down": {
                    "texture": "#texture"
                },
                "west": {
                    "uv": [3.0,3.0,13.0,6.0],
                    "texture": "#side"
                },
                "east": {
                    "texture": "#side",
                    "cullface": "east"
                }
            }
        },
        {
            "from": [6.5,13.5,3],
            "to": [9.5,15.5,13],
            "faces": {
                "up": {
                    "texture": "#texture"
                },
                "down": {
                    "texture": "#texture"
                },
                "west": {
                    "uv": [7.0,3.0,9.0,13.0],
                    "texture": "#texture",
                    "rotation": 90
                },
                "east": {
                    "uv": [3.0,9.0,13.0,7.0],
                    "texture": "#texture"
                }
            }
        },
        {
            "from": [9.5,13.5,6.5],
            "to": [13,15.5,9.5],
            "faces": {
                "up": {
                    "texture": "#texture"
                },
                "down": {
                    "texture": "#texture"
                },
                "north": {
                    "uv": [6.5,9.5,9.5,13.0],
                    "texture": "#texture",
                    "rotation": 90
                },
                "south": {
                    "uv": [9.0,9.0,13.0,7.0],
                    "texture": "#texture"
                }
            }
        },
        {
            "from": [3,13.5,6.5],
            "to": [6.5,15.5,9.5],
            "faces": {
                "up": {
                    "texture": "#texture"
                },
                "down": {
                    "texture": "#texture"
                },
                "north": {
                    "uv": [6.5,3.0,9.5,6.5],
                    "texture": "#texture",
                    "rotation": 90
                },
                "south": {
                    "uv": [3.0,9.0,6.5,7.0],
                    "texture": "#texture"
                }
            }
        }
    ]
}