{
    "__comment": "Model generated using MrCrayfish's Model Creator (http://mrcrayfish.com/modelcreator/)",
	"ambientocclusion": false,
    "elements": [
        {   "from": [ 0, 0, 0 ],
            "to": [ 16, 16, 16 ],
            "faces": {
                "down":  { "uv": [ 0, 0, 16, 16 ], "texture": "#bottom", "cullface": "down" },
                "up":    { "uv": [ 0, 0, 16, 16 ], "texture": "#top",    "cullface": "up", "tintindex": 0 },
                "north": { "uv": [ 0, 0, 16, 16 ], "texture": "#side_a",   "cullface": "north" },
                "south": { "uv": [ 0, 0, 16, 16 ], "texture": "#side_a",   "cullface": "south" },
                "west":  { "uv": [ 0, 0, 16, 16 ], "texture": "#side_b",   "cullface": "west" },
                "east":  { "uv": [ 0, 0, 16, 16 ], "texture": "#side_b",   "cullface": "east" }
            }
        },
        {   "from": [ 0, 0, 0 ],
            "to": [ 16, 16, 16 ],
            "faces": {
                "north": { "uv": [ 0, 0, 16, 16 ], "texture": "#overlay-side_a", "tintindex": 0, "cullface": "north" },
                "south": { "uv": [ 0, 0, 16, 16 ], "texture": "#overlay-side_a", "tintindex": 0, "cullface": "south" },
                "west":  { "uv": [ 0, 0, 16, 16 ], "texture": "#overlay-side_b", "tintindex": 0, "cullface": "west" },
                "east":  { "uv": [ 0, 0, 16, 16 ], "texture": "#overlay-side_b", "tintindex": 0, "cullface": "east" }
            }
        },
        {
            "name": "s_grass",
            "from": [ 0, 16, 12.5 ], 
            "to": [ 16, 17.9, 12.5 ],
            "rotation": { "origin": [ 8, 8, 8 ], "axis": "y", "angle": 45, "rescale": false },
            "shade": false, 
            "faces": {
                "north": { "texture": "#short_grass", "uv": [ 0, 14, 16, 16 ],    "cullface": "up", "tintindex": 0 },
                "south": { "texture": "#short_grass", "uv": [ 16, 14, 0, 16 ],    "cullface": "up", "tintindex": 0 }
            }
        },
        {
            "name": "w_grass",
            "from": [ 3.5, 16, 0 ], 
            "to": [ 3.5, 17.9, 16 ],
            "rotation": { "origin": [ 8, 8, 8 ], "axis": "y", "angle": 22.5, "rescale": false },
            "shade": false, 
            "faces": {
                "east": { "texture": "#short_grass", "uv": [ 0, 2, 16, 4 ],    "cullface": "up", "tintindex": 0 },
                "west": { "texture": "#short_grass", "uv": [ 16, 2, 0, 4 ],    "cullface": "up", "tintindex": 0 }
            }
        },
        {
            "name": "n_grass",
            "from": [ 0, 16, 3.5 ], 
            "to": [ 16, 17.9, 3.5 ],
            "rotation": { "origin": [ 8, 8, 8 ], "axis": "y", "angle": 22.5, "rescale": false },
            "shade": false, 
            "faces": {
                "north": { "texture": "#short_grass", "uv": [ 0, 10, 16, 12 ],    "cullface": "up", "tintindex": 0 },
                "south": { "texture": "#short_grass", "uv": [ 16, 10, 0, 12 ],    "cullface": "up", "tintindex": 0 }
            }
        },
        {
            "name": "e_grass",
            "from": [ 12.5, 16, 0 ], 
            "to": [ 12.5, 17.9, 16 ],
            "rotation": { "origin": [ 8, 8, 8 ], "axis": "y", "angle": 45, "rescale": false },
            "shade": false, 
            "faces": {
                "east": { "texture": "#short_grass", "uv": [ 0, 6, 16, 8 ],    "cullface": "up", "tintindex": 0 },
                "west": { "texture": "#short_grass", "uv": [ 16, 6, 0, 8 ],    "cullface": "up", "tintindex": 0 }
            }
        }
    ]
}