{
    "__comment": "This file was created by Eleazzaar for Lithos:Core",
    "parent": "block/soil/grass_master",
    "textures": {
        "particle": "blocks/dirt",
        "bottom": "blocks/dirt3",
        "top": "blocks/grass_top3",
        "side_a": "blocks/grass_side3",
        "side_b": "blocks/grass_side",
        "overlay-side_a": "blocks/grass_side_overlay3",
        "overlay-side_b": "blocks/grass_side_overlay",
        "short_grass":    "blocks/plants/grass_short"
    }
}
