{
    "multipart": [
        {   "when": { "north": true },
            "apply": { "model": "plants/chorus_plant_side" }
        },
        {   "when": { "east": true },
            "apply": { "model": "plants/chorus_plant_side", "y": 90, "uvlock": true }
        },
        {   "when": { "south": true },
            "apply": { "model": "plants/chorus_plant_side", "y": 180, "uvlock": true }
        },
        {   "when": { "west": true },
            "apply": { "model": "plants/chorus_plant_side", "y": 270, "uvlock": true }
        },
        {   "when": { "up": true },
            "apply": { "model": "plants/chorus_plant_side", "x": 270, "uvlock": true }
        },
        {   "when": { "down": true },
            "apply": { "model": "plants/chorus_plant_side", "x": 90, "uvlock": true }
        },
        {   "when": { "north": false },
            "apply": [
                { "model": "plants/chorus_plant_noside", "weight": 4 },
                { "model": "plants/chorus_plant_noside1" },
                { "model": "plants/chorus_plant_noside2" },
                { "model": "plants/chorus_plant_noside3" }
            ]
        },
        {   "when": { "east": false },
            "apply": [
                { "model": "plants/chorus_plant_noside1", "y": 90, "uvlock": true },
                { "model": "plants/chorus_plant_noside2", "y": 90, "uvlock": true },
                { "model": "plants/chorus_plant_noside3", "y": 90, "uvlock": false },
                { "model": "plants/chorus_plant_noside", "weight": 4, "y": 90, "uvlock": true }
            ]
        },
        {   "when": { "south": false },
            "apply": [
                { "model": "plants/chorus_plant_noside2", "y": 180, "uvlock": true },
                { "model": "plants/chorus_plant_noside3", "y": 180, "uvlock": false },
                { "model": "plants/chorus_plant_noside", "weight": 4, "y": 180, "uvlock": true },
                { "model": "plants/chorus_plant_noside1", "y": 180, "uvlock": true }
            ]
        },
        {   "when": { "west": false },
            "apply": [
                { "model": "plants/chorus_plant_noside3", "y": 270, "uvlock": false },
                { "model": "plants/chorus_plant_noside", "weight": 4, "y": 270, "uvlock": true },
                { "model": "plants/chorus_plant_noside1", "y": 270, "uvlock": true },
                { "model": "plants/chorus_plant_noside2", "y": 270, "uvlock": true }
            ]
        },
        {   "when": { "up": false },
            "apply": [
                { "model": "plants/chorus_plant_noside_v1", "x": 270, "uvlock": false },
                { "model": "plants/chorus_plant_noside_v1", "x": 270, "y": 90, "uvlock": false },
                { "model": "plants/chorus_plant_noside_v1", "x": 270, "y": 180, "uvlock": false },
                { "model": "plants/chorus_plant_noside_v2", "x": 270, "uvlock": false },
                { "model": "plants/chorus_plant_noside_v2", "x": 270, "y": 180, "uvlock": false }
            ]
        },
        {   "when": { "down": false },
            "apply": [
                { "model": "plants/chorus_plant_noside_v1", "x": 90, "uvlock": false },
                { "model": "plants/chorus_plant_noside_v1", "x": 90, "y": 180, "uvlock": false },
                { "model": "plants/chorus_plant_noside_v2", "x": 90, "uvlock": false },
                { "model": "plants/chorus_plant_noside_v2", "x": 90, "y": 90,  "uvlock": false },
                { "model": "plants/chorus_plant_noside_v2", "x": 90, "y": 180, "uvlock": false },
                { "model": "plants/chorus_plant_noside_v2", "x": 90, "y": 270, "uvlock": false }
            ]
        }
    ]
}
