{
	"forge_marker": 1,
	"defaults":
	{
		"transform": "forge:default-block",
		"textures": {"all": "lithos_mod:blocks/ore_copper" },
		"model": "cube_all"
	},
	"variants":
	{
		"inventory,type=copper": [{"textures": {"all": "lithos_mod:blocks/ore_copper"}}],
		"inventory,type=aluminum":	[{"textures": {"all": "lithos_mod:blocks/ore_aluminum"}}],
		"inventory,type=lead": [{"textures": {"all": "lithos_mod:blocks/ore_lead"}}],
		"inventory,type=silver": [{"textures": {"all": "lithos_mod:blocks/ore_silver"}}],
		"inventory,type=nickel": [{"textures": {"all": "lithos_mod:blocks/ore_nickel"}}],
		"inventory,type=uranium": [{"textures": {"all": "lithos_mod:blocks/ore_uranium"}}],
		"type":
		{
			"copper": {"textures": {"all": "lithos_mod:blocks/ore_copper"}},
			"aluminum":	{"textures": {"all": "lithos_mod:blocks/ore_aluminum"}},
			"lead": {"textures": {"all": "lithos_mod:blocks/ore_lead"}},
			"silver": {"textures": {"all": "lithos_mod:blocks/ore_silver"}},
			"nickel": {"textures": {"all": "lithos_mod:blocks/ore_nickel"}},
			"uranium": {"textures": {"all": "lithos_mod:blocks/ore_uranium"}}
		}
	}
}