{
    "__comment": "Model generated using MrCrayfish's Model Creator (http://mrcrayfish.com/modelcreator/)",
"ambientocclusion": false,
    "textures": {
        "particle": "biomesoplenty:blocks/cloverpatch_top",
        "0": "biomesoplenty:blocks/cloverpatch_top",
		"1": "biomesoplenty:blocks/cloverpatch_top_alt"
    },
    "elements": [
        {
            "name": "Top1",
            "from": [ 0.0, 4.0, 0.0 ], 
            "to": [ 9.0, 4.0, 8.0 ], 
            "faces": {
                "up": { "texture": "#0", "uv": [ 0.0, 0.0, 9.0, 8.0 ], "tintindex": 0 },
                "down": { "texture": "#0", "uv": [ 0.0, 0.0, 9.0, 8.0 ], "tintindex": 0, "rotation": 180 }
            }
        },
        {
            "name": "Top2",
            "from": [ 8.0, 1.0, 7.0 ], 
            "to": [ 16.0, 1.0, 16.0 ], 
            "faces": {
                "up": { "texture": "#0", "uv": [ 0.0, 0.0, 9.0, 8.0 ], "tintindex": 0, "rotation": 90 },
                "down": { "texture": "#0", "uv": [ 0.0, 0.0, 9.0, 8.0 ], "tintindex": 0, "rotation": 90 }
            }
        },
        {
            "name": "Top3",
            "from": [ 9.0, 3.0, 0.5 ], 
            "to": [ 15.0, 3.0, 6.5 ], 
            "faces": {
                "up": { "texture": "#1", "uv": [ 8.5, 9.0, 14.5, 15.0 ], "tintindex": 0, "rotation": 90 },
                "down": { "texture": "#1", "uv": [ 8.5, 9.0, 14.5, 15.0 ], "tintindex": 0 }
            }
        },
        {
            "name": "Top4",
            "from": [ 1.5, 2.0, 9.0 ], 
            "to": [ 7.5, 2.0, 15.0 ], 
            "faces": {
                "up": { "texture": "#0", "uv": [ 8.5, 9.0, 14.5, 15.0 ], "tintindex": 0 },
                "down": { "texture": "#0", "uv": [ 8.5, 9.0, 14.5, 15.0 ], "tintindex": 0, "rotation": 90 }
            }
        },
		{
            "name": "Stem 1",
            "from": [ 4.0, 0.0, 4.0 ], 
            "to": [ 5.0, 4.0, 5.0 ], 
            "faces": {
                "north": { "texture": "#0", "uv": [ 0.0, 12.0, 1.0, 16.0 ], "tintindex": 0 },
                "east": { "texture": "#0", "uv": [ 0.0, 12.0, 1.0, 16.0 ], "tintindex": 0 },
                "south": { "texture": "#0", "uv": [ 0.0, 12.0, 1.0, 16.0 ], "tintindex": 0 },
                "west": { "texture": "#0", "uv": [ 0.0, 12.0, 1.0, 16.0 ], "tintindex": 0 }
            }
        },
        {
            "name": "Stem 2",
            "from": [ 11.5, 0.0, 3.0 ], 
            "to": [ 12.5, 3.0, 4.0 ], 
            "faces": {
                "north": { "texture": "#0", "uv": [ 0.0, 13.0, 1.0, 16.0 ], "tintindex": 0 },
                "east": { "texture": "#0", "uv": [ 0.0, 13.0, 1.0, 16.0 ], "tintindex": 0 },
                "south": { "texture": "#0", "uv": [ 0.0, 13.0, 1.0, 16.0 ], "tintindex": 0 },
                "west": { "texture": "#0", "uv": [ 0.0, 13.0, 1.0, 16.0 ], "tintindex": 0 }
            }
        },
        {
            "name": "Stem 3",
            "from": [ 4.0, 0.0, 11.5 ], 
            "to": [ 5.0, 2.0, 12.5 ], 
            "faces": {
                "north": { "texture": "#0", "uv": [ 0.0, 14.0, 1.0, 16.0 ], "tintindex": 0 },
                "east": { "texture": "#0", "uv": [ 0.0, 14.0, 1.0, 16.0 ], "tintindex": 0 },
                "south": { "texture": "#0", "uv": [ 0.0, 14.0, 1.0, 16.0 ], "tintindex": 0 },
                "west": { "texture": "#0", "uv": [ 0.0, 14.0, 1.0, 16.0 ], "tintindex": 0 }
            }
        },
        {
            "name": "Stem 4",
            "from": [ 11.0, 0.0, 11.0 ], 
            "to": [ 12.0, 1.0, 12.0 ], 
            "faces": {
                "north": { "texture": "#0", "uv": [ 0.0, 15.0, 1.0, 16.0 ], "tintindex": 0 },
                "east": { "texture": "#0", "uv": [ 0.0, 15.0, 1.0, 16.0 ], "tintindex": 0 },
                "south": { "texture": "#0", "uv": [ 0.0, 15.0, 1.0, 16.0 ], "tintindex": 0 },
                "west": { "texture": "#0", "uv": [ 0.0, 15.0, 1.0, 16.0 ], "tintindex": 0 }
            }
        }
    ]
}