{
    "__comment": "Model generated using MrCrayfish's Model Creator (http://mrcrayfish.com/modelcreator/)",
"ambientocclusion": false,
    "textures": {
            "0": "biomesoplenty:blocks/glowshroom_3d",
            "particle": "biomesoplenty:blocks/glowshroom_3d"
    },
    "elements": [
        {
            "name": "Element",
            "from": [ 3.5, 3.0, 3.5 ], 
            "to": [ 11.5, 8.0, 11.5 ], 
            "faces": {
                "north": { "texture": "#0", "uv": [ 8.5, 8.0, 16.0, 12.0 ] },
                "east": { "texture": "#0", "uv": [ 8.5, 12.0, 16.0, 16.0 ] },
                "south": { "texture": "#0", "uv": [ 8.0, 8.0, 15.5, 12.0 ] },
                "west": { "texture": "#0", "uv": [ 8.0, 4.0, 15.5, 8.0 ] },
                "up": { "texture": "#0", "uv": [ 0.0, 8.0, 7.5, 15.5 ] },
                "down": { "texture": "#0", "uv": [ 0.0, 0.0, 8.0, 8.0 ] }
            }
        },
        {
            "name": "Element",
            "from": [ 6.0, 0.0, 6.0 ], 
            "to": [ 9.0, 4.0, 9.0 ], 
            "faces": {
                "north": { "texture": "#0", "uv": [ 8.0, 0.0, 10.0, 3.0 ] },
                "east": { "texture": "#0", "uv": [ 8.0, 0.0, 10.0, 3.0 ] },
                "south": { "texture": "#0", "uv": [ 8.0, 0.0, 10.0, 3.0 ] },
                "west": { "texture": "#0", "uv": [ 8.0, 0.0, 10.0, 3.0 ] }
            }
        },
        {
            "name": "Element",
            "from": [ 4.5, 8.0, 4.5 ], 
            "to": [ 10.5, 10.0, 10.5 ], 
            "faces": {
                "north": { "texture": "#0", "uv": [ 16.0, 2.5, 10.0, 0.5 ] },
                "east": { "texture": "#0", "uv": [ 10.0, 0.0, 16.0, 2.0 ] },
                "south": { "texture": "#0", "uv": [ 10.0, 2.0, 16.0, 4.0 ] },
                "west": { "texture": "#0", "uv": [ 10.0, 1.0, 16.0, 3.0 ] },
                "up": { "texture": "#0", "uv": [ 1.0, 8.5, 7.0, 14.5 ] }
            }
        }
    ]
}