{
    "__comment": "Model generated using MrCrayfish's Model Creator (http://mrcrayfish.com/modelcreator/)",
"ambientocclusion": false,
    "textures": {
        "0": "biomesoplenty:blocks/portobello_3d",
        "particle": "biomesoplenty:blocks/portobello_3d"        
    },
    "elements": [
        {
            "name": "Element",
            "from": [ 3.5, 1.5, 4.5 ], 
            "to": [ 8.5, 3.5, 9.5 ], 
            "faces": {
                "north": { "texture": "#0", "uv": [ 8.5, 3.5, 16.0, 8.0 ] },
                "east": { "texture": "#0", "uv": [ 8.0, 12.5, 15.5, 16.0 ] },
                "south": { "texture": "#0", "uv": [ 15.5, 8.5, 8.0, 12.0 ] },
                "west": { "texture": "#0", "uv": [ 8.0, 4.5, 15.5, 8.0 ] },
                "up": { "texture": "#0", "uv": [ 0.5, 8.5, 8.0, 16.0 ] },
                "down": { "texture": "#0", "uv": [ 0.0, 0.0, 8.0, 8.0 ] }
            }
        },
        {
            "name": "Element",
            "from": [ 5.0, -0.5, 6.0 ], 
            "to": [ 7.0, 1.5, 8.0 ], 
            "faces": {
                "north": { "texture": "#0", "uv": [ 8.0, 0.0, 10.0, 3.0 ] },
                "east": { "texture": "#0", "uv": [ 8.0, 0.0, 10.0, 3.0 ] },
                "south": { "texture": "#0", "uv": [ 8.0, 0.0, 10.0, 3.0 ] },
                "west": { "texture": "#0", "uv": [ 8.0, 0.0, 10.0, 3.0 ] }
            }
        },
        {
            "name": "Element",
            "from": [ 4.5, 3.5, 5.5 ], 
            "to": [ 7.5, 5.0, 8.5 ], 
            "faces": {
                "north": { "texture": "#0", "uv": [ 10.0, 1.0, 16.0, 3.0 ] },
                "east": { "texture": "#0", "uv": [ 10.0, 0.0, 16.0, 2.0 ] },
                "south": { "texture": "#0", "uv": [ 10.0, 2.0, 16.0, 4.0 ] },
                "west": { "texture": "#0", "uv": [ 10.0, 2.0, 16.0, 4.0 ] },
                "up": { "texture": "#0", "uv": [ 2.0, 10.0, 6.0, 14.0 ] }
            }
        }
    ]
}