{
    "variants": {
        "facing=north": [
        					{ "model": "pumpkins/unlit_1" },
        					{ "model": "pumpkins/unlit_2" },
        					{ "model": "pumpkins/unlit_3" }
        				],
        					
        "facing=south": [
        					{ "model": "pumpkins/unlit_1", "y": 180 },
        					{ "model": "pumpkins/unlit_2", "y": 180 },
        					{ "model": "pumpkins/unlit_3", "y": 180 }
        				],
        				
        "facing=west":  [
        					{ "model": "pumpkins/unlit_1", "y": 270 },
        					{ "model": "pumpkins/unlit_2", "y": 270 },
        					{ "model": "pumpkins/unlit_3", "y": 270 }
        				],
        				
        "facing=east":  [
        					{ "model": "pumpkins/unlit_1", "y": 90 },
        					{ "model": "pumpkins/unlit_2", "y": 90 },
        					{ "model": "pumpkins/unlit_3", "y": 90 }
        				]
    }
}
